Position,Name,Salary,GameInfo,AvgPointsPerGame,teamAbbrev
WR,Julio Jones,9300,ATL@DET 01:00PM ET,14.7,ATL
WR,Antonio Brown,9000,PIT@CHI 01:00PM ET,21.7,PIT
RB,Le'Veon Bell,8800,PIT@CHI 01:00PM ET,10.4,PIT
WR,Odell Beckham Jr.,8600,NYG@PHI 01:00PM ET,7.6,NYG
WR,A.J. Green,8100,CIN@GB 04:25PM ET,12.05,CIN
RB,Kareem Hunt,8000,KC@LAC 04:25PM ET,37.75,KC
WR,Jordy Nelson,7800,CIN@GB 04:25PM ET,10.45,GB
QB,Tom Brady,7700,HOU@NE 01:00PM ET,22.23,NE
RB,Jay Ajayi,7700,MIA@NYJ 01:00PM ET,17.6,MIA
RB,Melvin Gordon,7600,KC@LAC 04:25PM ET,19.85,LAC
WR,Mike Evans,7500,TB@MIN 01:00PM ET,22.3,TB
WR,Michael Crabtree,7400,OAK@WAS 08:30PM ET,23.15,OAK
WR,Brandin Cooks,7300,HOU@NE 01:00PM ET,9.05,NE
QB,Aaron Rodgers,7300,CIN@GB 04:25PM ET,22.03,GB
QB,Drew Brees,7200,NO@CAR 01:00PM ET,20.44,NO
WR,Keenan Allen,7200,KC@LAC 04:25PM ET,18.25,LAC
QB,Matt Ryan,7100,ATL@DET 01:00PM ET,17.91,ATL
WR,Amari Cooper,7100,OAK@WAS 08:30PM ET,12.25,OAK
RB,LeSean McCoy,7000,DEN@BUF 01:00PM ET,17.1,BUF
WR,Michael Thomas,7000,NO@CAR 01:00PM ET,11.7,NO
WR,Golden Tate,6900,ATL@DET 01:00PM ET,15.45,DET
RB,Ty Montgomery,6900,CIN@GB 04:25PM ET,24.15,GB
TE,Rob Gronkowski,6800,HOU@NE 01:00PM ET,15.95,NE
WR,Jarvis Landry,6800,MIA@NYJ 01:00PM ET,20.1,MIA
QB,Derek Carr,6800,OAK@WAS 08:30PM ET,19.94,OAK
WR,Kelvin Benjamin,6700,NO@CAR 01:00PM ET,8.6,CAR
RB,Devonta Freeman,6700,ATL@DET 01:00PM ET,17.95,ATL
QB,Cam Newton,6600,NO@CAR 01:00PM ET,12.98,CAR
WR,Tyreek Hill,6600,KC@LAC 04:25PM ET,19.35,KC
WR,Stefon Diggs,6500,TB@MIN 01:00PM ET,16.4,MIN
WR,Doug Baldwin,6400,SEA@TEN 04:05PM ET,10.2,SEA
QB,Philip Rivers,6400,KC@LAC 04:25PM ET,19.46,LAC
WR,DeVante Parker,6300,MIA@NYJ 01:00PM ET,12.5,MIA
QB,Russell Wilson,6300,SEA@TEN 04:05PM ET,12.32,SEA
QB,Ben Roethlisberger,6200,PIT@CHI 01:00PM ET,17.12,PIT
QB,Matthew Stafford,6200,ATL@DET 01:00PM ET,21.13,DET
WR,DeAndre Hopkins,6200,HOU@NE 01:00PM ET,16.4,HOU
RB,Christian McCaffrey,6100,NO@CAR 01:00PM ET,10.45,CAR
WR,Chris Hogan,6100,HOU@NE 01:00PM ET,11.15,NE
QB,Jay Cutler,6100,MIA@NYJ 01:00PM ET,13.1,MIA
QB,Kirk Cousins,6100,OAK@WAS 08:30PM ET,12.73,WAS
QB,Jameis Winston,6000,TB@MIN 01:00PM ET,12.46,TB
QB,Marcus Mariota,6000,SEA@TEN 04:05PM ET,16.42,TEN
WR,Randall Cobb,6000,CIN@GB 04:25PM ET,15.25,GB
TE,Travis Kelce,6000,KC@LAC 04:25PM ET,18.35,KC
RB,Marshawn Lynch,6000,OAK@WAS 08:30PM ET,11.05,OAK
WR,Demaryius Thomas,5900,DEN@BUF 01:00PM ET,12.4,DEN
RB,Dalvin Cook,5900,TB@MIN 01:00PM ET,14.05,MIN
QB,Carson Wentz,5900,NYG@PHI 01:00PM ET,26.35,PHI
WR,Alshon Jeffery,5900,NYG@PHI 01:00PM ET,15.5,PHI
QB,Alex Smith,5900,KC@LAC 04:25PM ET,25.08,KC
WR,Terrelle Pryor Sr.,5900,OAK@WAS 08:30PM ET,8.85,WAS
RB,C.J. Anderson,5800,DEN@BUF 01:00PM ET,21.6,DEN
WR,Emmanuel Sanders,5800,DEN@BUF 01:00PM ET,14.9,DEN
QB,Andrew Luck,5800,CLE@IND 01:00PM ET,0,IND
WR,Martavis Bryant,5700,PIT@CHI 01:00PM ET,11.1,PIT
QB,Sam Bradford,5700,TB@MIN 01:00PM ET,28.54,MIN
WR,Adam Thielen,5700,TB@MIN 01:00PM ET,18.05,MIN
RB,Mike Gillislee,5700,HOU@NE 01:00PM ET,17.7,NE
RB,Tarik Cohen,5600,PIT@CHI 01:00PM ET,19.55,CHI
QB,Jimmy Garoppolo,5600,HOU@NE 01:00PM ET,0,NE
WR,Davante Adams,5600,CIN@GB 04:25PM ET,15.8,GB
QB,Trevor Siemian,5500,DEN@BUF 01:00PM ET,24.15,DEN
RB,DeMarco Murray,5500,SEA@TEN 04:05PM ET,5.9,TEN
QB,Derek Anderson,5400,NO@CAR 01:00PM ET,0,CAR
RB,James White,5400,HOU@NE 01:00PM ET,13.7,NE
WR,Danny Amendola,5400,HOU@NE 01:00PM ET,19,NE
TE,Jordan Reed,5400,OAK@WAS 08:30PM ET,9.7,WAS
RB,Tevin Coleman,5300,ATL@DET 01:00PM ET,11.15,ATL
QB,Eli Manning,5300,NYG@PHI 01:00PM ET,10.13,NYG
RB,Derrick Henry,5300,SEA@TEN 04:05PM ET,8.85,TEN
WR,T.Y. Hilton,5200,CLE@IND 01:00PM ET,8.3,IND
RB,Theo Riddick,5100,ATL@DET 01:00PM ET,10.65,DET
QB,Andy Dalton,5100,CIN@GB 04:25PM ET,5.73,CIN
QB,DeShone Kizer,5000,CLE@IND 01:00PM ET,12.73,CLE
RB,Lamar Miller,5000,HOU@NE 01:00PM ET,11.65,HOU
WR,Brandon Marshall,5000,NYG@PHI 01:00PM ET,2.35,NYG
TE,Zach Ertz,5000,NYG@PHI 01:00PM ET,16,PHI
QB,Tyrod Taylor,4900,DEN@BUF 01:00PM ET,15.13,BUF
TE,Greg Olsen,4900,NO@CAR 01:00PM ET,2.9,CAR
RB,Jordan Howard,4900,PIT@CHI 01:00PM ET,8.15,CHI
RB,Chris Carson,4900,SEA@TEN 04:05PM ET,8.45,SEA
WR,Jamison Crowder,4900,OAK@WAS 08:30PM ET,6.05,WAS
RB,Isaiah Crowell,4800,CLE@IND 01:00PM ET,7.15,CLE
WR,Corey Coleman,4800,CLE@IND 01:00PM ET,9.1,CLE
QB,Jacoby Brissett,4800,CLE@IND 01:00PM ET,5.94,IND
RB,Jonathan Stewart,4700,NO@CAR 01:00PM ET,10.1,CAR
QB,Mike Glennon,4700,PIT@CHI 01:00PM ET,14.28,CHI
RB,Ameer Abdullah,4700,ATL@DET 01:00PM ET,7.85,DET
QB,Deshaun Watson,4700,HOU@NE 01:00PM ET,12.69,HOU
WR,Sterling Shepard,4700,NYG@PHI 01:00PM ET,8.5,NYG
QB,AJ McCarron,4700,CIN@GB 04:25PM ET,0,CIN
QB,Patrick Mahomes II,4700,KC@LAC 04:25PM ET,0,KC
QB,Colt McCoy,4700,OAK@WAS 08:30PM ET,0,WAS
QB,Chase Daniel,4600,NO@CAR 01:00PM ET,0,NO
WR,Kenny Golladay,4600,ATL@DET 01:00PM ET,12.35,DET
QB,Kevin Hogan,4600,CLE@IND 01:00PM ET,8.22,CLE
RB,Jacquizz Rodgers,4600,TB@MIN 01:00PM ET,12.7,TB
WR,DeSean Jackson,4600,TB@MIN 01:00PM ET,6.9,TB
WR,Jermaine Kearse,4600,MIA@NYJ 01:00PM ET,17.65,NYJ
TE,Jimmy Graham,4600,SEA@TEN 04:05PM ET,2.45,SEA
WR,Tyrell Williams,4600,KC@LAC 04:25PM ET,9.9,LAC
RB,Mark Ingram,4500,NO@CAR 01:00PM ET,11.85,NO
WR,Willie Snead,4500,NO@CAR 01:00PM ET,0,NO
QB,Mitchell Trubisky,4500,PIT@CHI 01:00PM ET,0,CHI
QB,Landry Jones,4500,PIT@CHI 01:00PM ET,0,PIT
RB,James Conner,4500,PIT@CHI 01:00PM ET,1,PIT
WR,Mohamed Sanu,4500,ATL@DET 01:00PM ET,12.1,ATL
QB,Case Keenum,4500,TB@MIN 01:00PM ET,6.68,MIN
RB,Doug Martin,4500,TB@MIN 01:00PM ET,0,TB
QB,Matt Moore,4500,MIA@NYJ 01:00PM ET,0,MIA
QB,Josh McCown,4500,MIA@NYJ 01:00PM ET,14.11,NYJ
QB,Geno Smith,4500,NYG@PHI 01:00PM ET,0,NYG
RB,Joe Mixon,4500,CIN@GB 04:25PM ET,5.25,CIN
QB,Cardale Jones,4500,KC@LAC 04:25PM ET,0,LAC
RB,Samaje Perine,4500,OAK@WAS 08:30PM ET,3.85,WAS
RB,Chris Thompson,4500,OAK@WAS 08:30PM ET,20.6,WAS
QB,Ryan Fitzpatrick,4400,TB@MIN 01:00PM ET,-0.2,TB
QB,Tom Savage,4400,HOU@NE 01:00PM ET,0.48,HOU
WR,Kenny Stills,4400,MIA@NYJ 01:00PM ET,11.7,MIA
TE,Delanie Walker,4400,SEA@TEN 04:05PM ET,15.4,TEN
RB,Jamaal Williams,4400,CIN@GB 04:25PM ET,1.5,GB
WR,Kendall Wright,4300,PIT@CHI 01:00PM ET,10.15,CHI
QB,Matt Schaub,4300,ATL@DET 01:00PM ET,0,ATL
QB,Scott Tolzien,4300,CLE@IND 01:00PM ET,3.32,IND
RB,Matt Forte,4300,MIA@NYJ 01:00PM ET,9.85,NYJ
QB,Nick Foles,4300,NYG@PHI 01:00PM ET,0,PHI
QB,Matt Cassel,4300,SEA@TEN 04:05PM ET,0,TEN
QB,Austin Davis,4300,SEA@TEN 04:05PM ET,0,SEA
WR,Tyler Lockett,4300,SEA@TEN 04:05PM ET,7.1,SEA
QB,Connor Cook,4300,OAK@WAS 08:30PM ET,0,OAK
QB,Brock Osweiler,4200,DEN@BUF 01:00PM ET,0,DEN
RB,Jamaal Charles,4200,DEN@BUF 01:00PM ET,4.6,DEN
WR,Devin Funchess,4200,NO@CAR 01:00PM ET,7.4,CAR
QB,Jake Rudock,4200,ATL@DET 01:00PM ET,0,DET
WR,Marvin Jones Jr.,4200,ATL@DET 01:00PM ET,10.7,DET
RB,Duke Johnson Jr.,4200,CLE@IND 01:00PM ET,7.5,CLE
RB,Frank Gore,4200,CLE@IND 01:00PM ET,8.4,IND
TE,Kyle Rudolph,4200,TB@MIN 01:00PM ET,10.05,MIN
RB,Bilal Powell,4200,MIA@NYJ 01:00PM ET,5.1,NYJ
WR,Nelson Agholor,4200,NYG@PHI 01:00PM ET,14.25,PHI
WR,Rishard Matthews,4200,SEA@TEN 04:05PM ET,9.7,TEN
QB,Brett Hundley,4200,CIN@GB 04:25PM ET,0,GB
RB,Rob Kelley,4200,OAK@WAS 08:30PM ET,5.4,WAS
WR,Ted Ginn Jr.,4100,NO@CAR 01:00PM ET,7.6,NO
TE,Coby Fleener,4100,NO@CAR 01:00PM ET,14.35,NO
WR,Kenny Britt,4100,CLE@IND 01:00PM ET,1.75,CLE
QB,Christian Hackenberg,4100,MIA@NYJ 01:00PM ET,0,NYJ
WR,Paul Richardson,4100,SEA@TEN 04:05PM ET,9.9,SEA
RB,Jalen Richard,4100,OAK@WAS 08:30PM ET,11.35,OAK
QB,Joe Webb,4000,DEN@BUF 01:00PM ET,0,BUF
QB,Nathan Peterman,4000,DEN@BUF 01:00PM ET,0,BUF
QB,Paxton Lynch,4000,DEN@BUF 01:00PM ET,0,DEN
QB,Taysom Hill,4000,NO@CAR 01:00PM ET,0,NO
RB,Alvin Kamara,4000,NO@CAR 01:00PM ET,8.1,NO
QB,Brad Kaaya,4000,NO@CAR 01:00PM ET,0,CAR
QB,Mark Sanchez,4000,PIT@CHI 01:00PM ET,0,CHI
QB,Joshua Dobbs,4000,PIT@CHI 01:00PM ET,0,PIT
WR,Taylor Gabriel,4000,ATL@DET 01:00PM ET,5.35,ATL
QB,Cody Kessler,4000,CLE@IND 01:00PM ET,0,CLE
WR,Rashard Higgins,4000,CLE@IND 01:00PM ET,16.9,CLE
WR,Josh Gordon,4000,CLE@IND 01:00PM ET,0,CLE
QB,Kyle Sloter,4000,TB@MIN 01:00PM ET,0,MIN
RB,Jerick McKinnon,4000,TB@MIN 01:00PM ET,6.1,MIN
RB,D'Onta Foreman,4000,HOU@NE 01:00PM ET,2.2,HOU
RB,Rex Burkhead,4000,HOU@NE 01:00PM ET,8.35,NE
WR,Phillip Dorsett,4000,HOU@NE 01:00PM ET,5.25,NE
RB,Kenyan Drake,4000,MIA@NYJ 01:00PM ET,-0.3,MIA
QB,Bryce Petty,4000,MIA@NYJ 01:00PM ET,0,NYJ
QB,Davis Webb,4000,NYG@PHI 01:00PM ET,0,NYG
RB,Shane Vereen,4000,NYG@PHI 01:00PM ET,11.3,NYG
WR,Eric Decker,4000,SEA@TEN 04:05PM ET,5.1,TEN
RB,Thomas Rawls,4000,SEA@TEN 04:05PM ET,0.4,SEA
TE,Martellus Bennett,4000,CIN@GB 04:25PM ET,8.5,GB
QB,Tyler Bray,4000,KC@LAC 04:25PM ET,0,KC
RB,Charcandrick West,4000,KC@LAC 04:25PM ET,4.75,KC
QB,Kellen Clemens,4000,KC@LAC 04:25PM ET,0,LAC
RB,Branden Oliver,4000,KC@LAC 04:25PM ET,2.05,LAC
QB,EJ Manuel,4000,OAK@WAS 08:30PM ET,0,OAK
RB,DeAndre Washington,4000,OAK@WAS 08:30PM ET,5.35,OAK
RB,Adrian Peterson,3900,NO@CAR 01:00PM ET,2.2,NO
WR,Brandon Coleman,3900,NO@CAR 01:00PM ET,10.75,NO
RB,Charles Sims,3900,TB@MIN 01:00PM ET,1.9,TB
RB,LeGarrette Blount,3900,NYG@PHI 01:00PM ET,6.35,PHI
RB,Darren Sproles,3900,NYG@PHI 01:00PM ET,9.15,PHI
WR,Corey Davis,3900,SEA@TEN 04:05PM ET,7.15,TEN
TE,Tyler Eifert,3900,CIN@GB 04:25PM ET,4.3,CIN
TE,Hunter Henry,3900,KC@LAC 04:25PM ET,7.5,LAC
RB,Mike Tolbert,3800,DEN@BUF 01:00PM ET,7.05,BUF
TE,Austin Hooper,3800,ATL@DET 01:00PM ET,13.25,ATL
RB,Dwayne Washington,3800,ATL@DET 01:00PM ET,1.55,DET
RB,Marlon Mack,3800,CLE@IND 01:00PM ET,6.65,IND
WR,Donte Moncrief,3800,CLE@IND 01:00PM ET,4.9,IND
RB,Alfred Blue,3800,HOU@NE 01:00PM ET,0,HOU
WR,Will Fuller V,3800,HOU@NE 01:00PM ET,0,HOU
DST,Patriots ,3800,HOU@NE 01:00PM ET,1.5,NE
RB,Damien Williams,3800,MIA@NYJ 01:00PM ET,0,MIA
RB,Paul Perkins,3800,NYG@PHI 01:00PM ET,4.35,NYG
RB,Wendell Smallwood,3800,NYG@PHI 01:00PM ET,1.5,PHI
RB,Giovani Bernard,3800,CIN@GB 04:25PM ET,6.75,CIN
RB,Robert Turbin,3700,CLE@IND 01:00PM ET,2.1,IND
DST,Dolphins ,3700,MIA@NYJ 01:00PM ET,2,MIA
RB,C.J. Prosise,3700,SEA@TEN 04:05PM ET,3.15,SEA
RB,Jeremy Hill,3700,CIN@GB 04:25PM ET,3.15,CIN
WR,Brandon LaFell,3700,CIN@GB 04:25PM ET,6.2,CIN
RB,Aaron Jones,3700,CIN@GB 04:25PM ET,0,GB
WR,Mike Williams,3700,KC@LAC 04:25PM ET,0,LAC
RB,De'Angelo Henderson,3600,DEN@BUF 01:00PM ET,0,DEN
DST,Broncos ,3600,DEN@BUF 01:00PM ET,9,DEN
WR,Eli Rogers,3600,PIT@CHI 01:00PM ET,5.7,PIT
TE,Jack Doyle,3600,CLE@IND 01:00PM ET,11,IND
WR,Jeremy Kerley,3600,MIA@NYJ 01:00PM ET,4.4,NYJ
WR,Torrey Smith,3600,NYG@PHI 01:00PM ET,7.3,PHI
WR,Taywan Taylor,3600,SEA@TEN 04:05PM ET,5.1,TEN
WR,Jordan Matthews,3500,DEN@BUF 01:00PM ET,7.05,BUF
RB,Devontae Booker,3500,DEN@BUF 01:00PM ET,0,DEN
WR,Russell Shepard,3500,NO@CAR 01:00PM ET,7.45,CAR
WR,Markus Wheaton,3500,PIT@CHI 01:00PM ET,0,CHI
WR,Deonte Thompson,3500,PIT@CHI 01:00PM ET,9.1,CHI
WR,Jaelen Strong,3500,HOU@NE 01:00PM ET,0,HOU
RB,Elijah McGuire,3500,MIA@NYJ 01:00PM ET,2.3,NYJ
DST,Seahawks ,3500,SEA@TEN 04:05PM ET,7.5,SEA
RB,Devante Mays,3500,CIN@GB 04:25PM ET,0,GB
WR,Travis Benjamin,3500,KC@LAC 04:25PM ET,7.7,LAC
WR,Ryan Grant,3500,OAK@WAS 08:30PM ET,9.1,WAS
WR,Josh Doctson,3500,OAK@WAS 08:30PM ET,0,WAS
TE,Charles Clay,3400,DEN@BUF 01:00PM ET,10.3,BUF
DST,Steelers ,3400,PIT@CHI 01:00PM ET,13,PIT
RB,Dion Lewis,3400,HOU@NE 01:00PM ET,2.2,NE
WR,Robby Anderson,3400,MIA@NYJ 01:00PM ET,5.5,NYJ
RB,Orleans Darkwa,3400,NYG@PHI 01:00PM ET,2.65,NYG
RB,Eddie Lacy,3400,SEA@TEN 04:05PM ET,0.3,SEA
DST,Packers ,3400,CIN@GB 04:25PM ET,5.5,GB
WR,Dontrelle Inman,3400,KC@LAC 04:25PM ET,0,LAC
WR,Seth Roberts,3400,OAK@WAS 08:30PM ET,4.45,OAK
WR,Josh Bellamy,3300,PIT@CHI 01:00PM ET,7.4,CHI
TE,Jesse James,3300,PIT@CHI 01:00PM ET,14.4,PIT
RB,Zach Zenner,3300,ATL@DET 01:00PM ET,0,DET
TE,Eric Ebron,3300,ATL@DET 01:00PM ET,9.05,DET
WR,Kamar Aiken,3300,CLE@IND 01:00PM ET,3.7,IND
WR,Laquon Treadwell,3300,TB@MIN 01:00PM ET,4,MIN
DST,Vikings ,3300,TB@MIN 01:00PM ET,2,MIN
WR,Bruce Ellington,3300,HOU@NE 01:00PM ET,0,HOU
WR,Roger Lewis,3300,NYG@PHI 01:00PM ET,6.35,NYG
WR,Tyler Boyd,3300,CIN@GB 04:25PM ET,2.1,CIN
WR,John Ross,3300,CIN@GB 04:25PM ET,0.2,CIN
WR,Jeff Janis,3300,CIN@GB 04:25PM ET,0,GB
WR,Curtis Samuel,3200,NO@CAR 01:00PM ET,1.35,CAR
DST,Colts ,3200,CLE@IND 01:00PM ET,4.5,IND
RB,Latavius Murray,3200,TB@MIN 01:00PM ET,0.6,MIN
DST,Buccaneers ,3200,TB@MIN 01:00PM ET,19,TB
TE,Evan Engram,3200,NYG@PHI 01:00PM ET,11.65,NYG
WR,Chris Conley,3200,KC@LAC 04:25PM ET,7.9,KC
WR,Zay Jones,3100,DEN@BUF 01:00PM ET,3.45,BUF
WR,Tommylee Lewis,3100,NO@CAR 01:00PM ET,4.9,NO
WR,Sammie Coates,3100,CLE@IND 01:00PM ET,0,CLE
WR,Adam Humphries,3100,TB@MIN 01:00PM ET,3.8,TB
WR,Braxton Miller,3100,HOU@NE 01:00PM ET,1.5,HOU
WR,ArDarius Stewart,3100,MIA@NYJ 01:00PM ET,1.5,NYJ
DST,Giants ,3100,NYG@PHI 01:00PM ET,3.5,NYG
WR,Alex Erickson,3100,CIN@GB 04:25PM ET,5.2,CIN
WR,Albert Wilson,3100,KC@LAC 04:25PM ET,6.65,KC
TE,Jared Cook,3100,OAK@WAS 08:30PM ET,8.55,OAK
RB,Joe Banyard,3000,DEN@BUF 01:00PM ET,0,BUF
RB,Taiwan Jones,3000,DEN@BUF 01:00PM ET,0,BUF
RB,Patrick DiMarco,3000,DEN@BUF 01:00PM ET,0.75,BUF
WR,Brandon Tate,3000,DEN@BUF 01:00PM ET,0,BUF
WR,Kaelin Clay,3000,DEN@BUF 01:00PM ET,0,BUF
WR,Andre Holmes,3000,DEN@BUF 01:00PM ET,5.45,BUF
RB,Andy Janovich,3000,DEN@BUF 01:00PM ET,0,DEN
WR,Isaiah McKenzie,3000,DEN@BUF 01:00PM ET,0,DEN
WR,Bennie Fowler,3000,DEN@BUF 01:00PM ET,9.45,DEN
WR,Cody Latimer,3000,DEN@BUF 01:00PM ET,2.1,DEN
WR,Jordan Taylor,3000,DEN@BUF 01:00PM ET,0,DEN
RB,Trey Edmunds,3000,NO@CAR 01:00PM ET,0,NO
RB,John Kuhn,3000,NO@CAR 01:00PM ET,0.1,NO
WR,Austin Carr,3000,NO@CAR 01:00PM ET,0,NO
RB,Fozzy Whittaker,3000,NO@CAR 01:00PM ET,0.05,CAR
RB,Cameron Artis-Payne,3000,NO@CAR 01:00PM ET,0,CAR
WR,Damiere Byrd,3000,NO@CAR 01:00PM ET,0,CAR
RB,Benny Cunningham,3000,PIT@CHI 01:00PM ET,0,CHI
RB,Michael Burton,3000,PIT@CHI 01:00PM ET,0.35,CHI
RB,Taquan Mizzell,3000,PIT@CHI 01:00PM ET,0,CHI
WR,Tanner Gentry,3000,PIT@CHI 01:00PM ET,4.7,CHI
WR,Tre McBride,3000,PIT@CHI 01:00PM ET,0,CHI
TE,Zach Miller,3000,PIT@CHI 01:00PM ET,9.05,CHI
RB,Terrell Watson,3000,PIT@CHI 01:00PM ET,0.05,PIT
RB,Roosevelt Nix,3000,PIT@CHI 01:00PM ET,0,PIT
WR,JuJu Smith-Schuster,3000,PIT@CHI 01:00PM ET,5.3,PIT
WR,Justin Hunter,3000,PIT@CHI 01:00PM ET,0,PIT
WR,Darrius Heyward-Bey,3000,PIT@CHI 01:00PM ET,0,PIT
RB,Brian Hill,3000,ATL@DET 01:00PM ET,0,ATL
RB,Terron Ward,3000,ATL@DET 01:00PM ET,0,ATL
RB,Derrick Coleman,3000,ATL@DET 01:00PM ET,0,ATL
WR,Nick Williams,3000,ATL@DET 01:00PM ET,0,ATL
WR,Justin Hardy,3000,ATL@DET 01:00PM ET,1.45,ATL
WR,Andre Roberts,3000,ATL@DET 01:00PM ET,0,ATL
RB,Tion Green,3000,ATL@DET 01:00PM ET,0,DET
WR,Jared Abbrederis,3000,ATL@DET 01:00PM ET,0,DET
WR,TJ Jones,3000,ATL@DET 01:00PM ET,2.6,DET
RB,Danny Vitale,3000,CLE@IND 01:00PM ET,0,CLE
RB,Matthew Dayes,3000,CLE@IND 01:00PM ET,1.8,CLE
WR,Ricardo Louis,3000,CLE@IND 01:00PM ET,4.95,CLE
WR,Kasen Williams,3000,CLE@IND 01:00PM ET,0,CLE
WR,Reggie Davis,3000,CLE@IND 01:00PM ET,0,CLE
DST,Browns ,3000,CLE@IND 01:00PM ET,4.5,CLE
WR,Chester Rogers,3000,CLE@IND 01:00PM ET,0,IND
WR,Quan Bray,3000,CLE@IND 01:00PM ET,0,IND
RB,C.J. Ham,3000,TB@MIN 01:00PM ET,3.05,MIN
WR,Stacy Coley,3000,TB@MIN 01:00PM ET,0,MIN
WR,Rodney Adams,3000,TB@MIN 01:00PM ET,0,MIN
WR,Jarius Wright,3000,TB@MIN 01:00PM ET,2.5,MIN
RB,Peyton Barber,3000,TB@MIN 01:00PM ET,4.7,TB
WR,Chris Godwin,3000,TB@MIN 01:00PM ET,0,TB
WR,Bernard Reedy,3000,TB@MIN 01:00PM ET,0,TB
TE,Cameron Brate,3000,TB@MIN 01:00PM ET,4.4,TB
RB,Jay Prosch,3000,HOU@NE 01:00PM ET,0,HOU
RB,Tyler Ervin,3000,HOU@NE 01:00PM ET,5.6,HOU
RB,Jordan Todman,3000,HOU@NE 01:00PM ET,0,HOU
TE,Ryan Griffin,3000,HOU@NE 01:00PM ET,0,HOU
RB,James Develin,3000,HOU@NE 01:00PM ET,0.8,NE
RB,Brandon Bolden,3000,HOU@NE 01:00PM ET,0,NE
WR,Matthew Slater,3000,HOU@NE 01:00PM ET,0,NE
RB,Senorise Perry,3000,MIA@NYJ 01:00PM ET,0,MIA
WR,Jakeem Grant,3000,MIA@NYJ 01:00PM ET,0,MIA
WR,Leonte Carroo,3000,MIA@NYJ 01:00PM ET,0,MIA
TE,Julius Thomas,3000,MIA@NYJ 01:00PM ET,5.6,MIA
WR,Kalif Raymond,3000,MIA@NYJ 01:00PM ET,-0.5,NYJ
WR,Chad Hansen,3000,MIA@NYJ 01:00PM ET,0,NYJ
WR,Charone Peake,3000,MIA@NYJ 01:00PM ET,0.65,NYJ
TE,Austin Seferian-Jenkins,3000,MIA@NYJ 01:00PM ET,0,NYJ
RB,Wayne Gallman,3000,NYG@PHI 01:00PM ET,0,NYG
RB,Shane Smith,3000,NYG@PHI 01:00PM ET,0,NYG
WR,Tavarres King,3000,NYG@PHI 01:00PM ET,0,NYG
WR,Dwayne Harris,3000,NYG@PHI 01:00PM ET,0,NYG
RB,Corey Clement,3000,NYG@PHI 01:00PM ET,0,PHI
WR,Shelton Gibson,3000,NYG@PHI 01:00PM ET,0,PHI
WR,Mack Hollins,3000,NYG@PHI 01:00PM ET,3.1,PHI
WR,Marcus Johnson,3000,NYG@PHI 01:00PM ET,0,PHI
DST,Eagles ,3000,NYG@PHI 01:00PM ET,13,PHI
RB,David Fluellen,3000,SEA@TEN 04:05PM ET,0.9,TEN
RB,Jalston Fowler,3000,SEA@TEN 04:05PM ET,3.15,TEN
WR,Eric Weems,3000,SEA@TEN 04:05PM ET,0,TEN
RB,J.D. McKissic,3000,SEA@TEN 04:05PM ET,0,SEA
RB,Tre Madden,3000,SEA@TEN 04:05PM ET,0,SEA
WR,Tanner McEvoy,3000,SEA@TEN 04:05PM ET,0,SEA
WR,Amara Darboh,3000,SEA@TEN 04:05PM ET,1.3,SEA
WR,Cody Core,3000,CIN@GB 04:25PM ET,0,CIN
WR,Josh Malone,3000,CIN@GB 04:25PM ET,0,CIN
RB,Aaron Ripkowski,3000,CIN@GB 04:25PM ET,0.6,GB
WR,Geronimo Allison,3000,CIN@GB 04:25PM ET,5.4,GB
WR,Trevor Davis,3000,CIN@GB 04:25PM ET,0.95,GB
RB,Akeem Hunt,3000,KC@LAC 04:25PM ET,0,KC
RB,Anthony Sherman,3000,KC@LAC 04:25PM ET,0,KC
WR,De'Anthony Thomas,3000,KC@LAC 04:25PM ET,0.6,KC
WR,Jehu Chesson,3000,KC@LAC 04:25PM ET,0,KC
WR,Demarcus Robinson,3000,KC@LAC 04:25PM ET,0,KC
RB,Austin Ekeler,3000,KC@LAC 04:25PM ET,1.9,LAC
RB,Derek Watt,3000,KC@LAC 04:25PM ET,0,LAC
TE,Antonio Gates,3000,KC@LAC 04:25PM ET,6.4,LAC
RB,Jamize Olawale,3000,OAK@WAS 08:30PM ET,0,OAK
WR,Johnny Holton,3000,OAK@WAS 08:30PM ET,0,OAK
WR,Cordarrelle Patterson,3000,OAK@WAS 08:30PM ET,7.5,OAK
RB,Mack Brown,3000,OAK@WAS 08:30PM ET,0,WAS
WR,Brian Quick,3000,OAK@WAS 08:30PM ET,1.05,WAS
TE,Vernon Davis,3000,OAK@WAS 08:30PM ET,1.15,WAS
TE,Stephen Anderson,2900,HOU@NE 01:00PM ET,3.4,HOU
DST,Chiefs ,2900,KC@LAC 04:25PM ET,7,KC
TE,Vance McDonald,2800,PIT@CHI 01:00PM ET,0,PIT
TE,David Njoku,2800,CLE@IND 01:00PM ET,7.85,CLE
DST,Chargers ,2800,KC@LAC 04:25PM ET,5.5,LAC
TE,Virgil Green,2700,DEN@BUF 01:00PM ET,7.25,DEN
TE,Ed Dickson,2700,NO@CAR 01:00PM ET,2.3,CAR
TE,O.J. Howard,2700,TB@MIN 01:00PM ET,2.7,TB
DST,Titans ,2700,SEA@TEN 04:05PM ET,5.5,TEN
TE,Richard Rodgers,2700,CIN@GB 04:25PM ET,2.1,GB
DST,Bills ,2600,DEN@BUF 01:00PM ET,9.5,BUF
DST,Panthers ,2600,NO@CAR 01:00PM ET,12.5,CAR
TE,Seth DeValve,2600,CLE@IND 01:00PM ET,8.15,CLE
TE,Evan Baylis,2600,HOU@NE 01:00PM ET,0,HOU
TE,Will Tye,2600,MIA@NYJ 01:00PM ET,3.9,NYJ
TE,Jonnu Smith,2600,SEA@TEN 04:05PM ET,5.5,TEN
TE,Luke Willson,2600,SEA@TEN 04:05PM ET,2.75,SEA
TE,Demetrius Harris,2600,KC@LAC 04:25PM ET,4.75,KC
TE,Khari Lee,2500,DEN@BUF 01:00PM ET,0,BUF
TE,Nick O'Leary,2500,DEN@BUF 01:00PM ET,1.6,BUF
TE,Logan Thomas,2500,DEN@BUF 01:00PM ET,0,BUF
TE,A.J. Derby,2500,DEN@BUF 01:00PM ET,3.2,DEN
TE,Jeff Heuerman,2500,DEN@BUF 01:00PM ET,2.75,DEN
TE,Josh Hill,2500,NO@CAR 01:00PM ET,2.95,NO
TE,Michael Hoomanawanui,2500,NO@CAR 01:00PM ET,0.9,NO
TE,Chris Manhertz,2500,NO@CAR 01:00PM ET,0,CAR
TE,Daniel Brown,2500,PIT@CHI 01:00PM ET,0,CHI
TE,Dion Sims,2500,PIT@CHI 01:00PM ET,2.55,CHI
TE,Adam Shaheen,2500,PIT@CHI 01:00PM ET,0,CHI
TE,Andrew DePaola,2500,PIT@CHI 01:00PM ET,0,CHI
TE,Xavier Grimble,2500,PIT@CHI 01:00PM ET,0,PIT
TE,Levine Toilolo,2500,ATL@DET 01:00PM ET,0,ATL
TE,Eric Saubert,2500,ATL@DET 01:00PM ET,0,ATL
DST,Falcons ,2500,ATL@DET 01:00PM ET,9,ATL
TE,Michael Roberts,2500,ATL@DET 01:00PM ET,0,DET
TE,Darren Fells,2500,ATL@DET 01:00PM ET,0.65,DET
TE,Randall Telfer,2500,CLE@IND 01:00PM ET,1.5,CLE
TE,Darrell Daniels,2500,CLE@IND 01:00PM ET,0,IND
TE,Brandon Williams,2500,CLE@IND 01:00PM ET,1.5,IND
TE,Kevin McDermott,2500,TB@MIN 01:00PM ET,0,MIN
TE,David Morgan,2500,TB@MIN 01:00PM ET,0,MIN
TE,Blake Bell,2500,TB@MIN 01:00PM ET,0,MIN
TE,Luke Stocker,2500,TB@MIN 01:00PM ET,0,TB
TE,Alan Cross,2500,TB@MIN 01:00PM ET,1.6,TB
TE,Antony Auclair,2500,TB@MIN 01:00PM ET,0,TB
TE,Jacob Hollister,2500,HOU@NE 01:00PM ET,1.5,NE
TE,Dwayne Allen,2500,HOU@NE 01:00PM ET,0,NE
TE,Anthony Fasano,2500,MIA@NYJ 01:00PM ET,0,MIA
TE,MarQueis Gray,2500,MIA@NYJ 01:00PM ET,0,MIA
TE,Eric Tomlinson,2500,MIA@NYJ 01:00PM ET,4.5,NYJ
TE,Neal Sterling,2500,MIA@NYJ 01:00PM ET,1.8,NYJ
TE,Jordan Leggett,2500,MIA@NYJ 01:00PM ET,0,NYJ
TE,Rhett Ellison,2500,NYG@PHI 01:00PM ET,3,NYG
TE,Matt LaCosse,2500,NYG@PHI 01:00PM ET,0,NYG
TE,Jerell Adams,2500,NYG@PHI 01:00PM ET,2.4,NYG
TE,Trey Burton,2500,NYG@PHI 01:00PM ET,1,PHI
TE,Brent Celek,2500,NYG@PHI 01:00PM ET,1.05,PHI
TE,Beau Brinkley,2500,SEA@TEN 04:05PM ET,0,TEN
TE,Phillip Supernaw,2500,SEA@TEN 04:05PM ET,0,TEN
TE,Nick Vannett,2500,SEA@TEN 04:05PM ET,1,SEA
TE,Tyler Ott,2500,SEA@TEN 04:05PM ET,0,SEA
TE,Tyler Kroft,2500,CIN@GB 04:25PM ET,0.75,CIN
TE,C.J. Uzomah,2500,CIN@GB 04:25PM ET,0,CIN
TE,Ryan Hewitt,2500,CIN@GB 04:25PM ET,0,CIN
TE,Cethan Carter,2500,CIN@GB 04:25PM ET,0,CIN
TE,Clark Harris,2500,CIN@GB 04:25PM ET,0,CIN
DST,Bengals ,2500,CIN@GB 04:25PM ET,5.5,CIN
TE,Lance Kendricks,2500,CIN@GB 04:25PM ET,1.9,GB
TE,Ross Travis,2500,KC@LAC 04:25PM ET,0,KC
TE,James Winchester,2500,KC@LAC 04:25PM ET,0,KC
TE,Sean McGrath,2500,KC@LAC 04:25PM ET,2,LAC
TE,Sean Culkin,2500,KC@LAC 04:25PM ET,0,LAC
TE,Lee Smith,2500,OAK@WAS 08:30PM ET,0.95,OAK
TE,Clive Walford,2500,OAK@WAS 08:30PM ET,0.85,OAK
DST,Raiders ,2500,OAK@WAS 08:30PM ET,5.5,OAK
TE,Niles Paul,2500,OAK@WAS 08:30PM ET,0,WAS
TE,Jeremy Sprinkle,2500,OAK@WAS 08:30PM ET,0,WAS
DST,Lions ,2400,ATL@DET 01:00PM ET,16.5,DET
DST,Redskins ,2400,OAK@WAS 08:30PM ET,9.5,WAS
DST,Texans ,2300,HOU@NE 01:00PM ET,4.5,HOU
DST,Bears ,2200,PIT@CHI 01:00PM ET,3,CHI
DST,Jets ,2100,MIA@NYJ 01:00PM ET,0,NYJ
DST,Saints ,2000,NO@CAR 01:00PM ET,-1,NO
