"Position","Name","Salary","GameInfo","AvgPointsPerGame","teamAbbrev"
"WR","Julio Jones",9300,"ATL@DET 01:00PM ET",14.700,"ATL"
"WR","Antonio Brown",9000,"PIT@CHI 01:00PM ET",21.700,"PIT"
"RB","Le'Veon Bell",8800,"PIT@CHI 01:00PM ET",10.400,"PIT"
"WR","Odell Beckham Jr.",8600,"NYG@PHI 01:00PM ET",7.600,"NYG"
"RB","Ezekiel Elliott",8300,"DAL@ARI 08:30PM ET",14.100,"DAL"
"WR","A.J. Green",8100,"CIN@GB 04:25PM ET",12.050,"CIN"
"RB","Kareem Hunt",8000,"KC@LAC 04:25PM ET",37.750,"KC"
"WR","Jordy Nelson",7800,"CIN@GB 04:25PM ET",10.450,"GB"
"QB","Tom Brady",7700,"HOU@NE 01:00PM ET",22.230,"NE"
"RB","Jay Ajayi",7700,"MIA@NYJ 01:00PM ET",17.600,"MIA"
"RB","Melvin Gordon",7600,"KC@LAC 04:25PM ET",19.850,"LAC"
"WR","Mike Evans",7500,"TB@MIN 01:00PM ET",22.300,"TB"
"WR","Michael Crabtree",7400,"OAK@WAS 08:30PM ET",23.150,"OAK"
"WR","Brandin Cooks",7300,"HOU@NE 01:00PM ET",9.050,"NE"
"QB","Aaron Rodgers",7300,"CIN@GB 04:25PM ET",22.030,"GB"
"QB","Drew Brees",7200,"NO@CAR 01:00PM ET",20.440,"NO"
"WR","Keenan Allen",7200,"KC@LAC 04:25PM ET",18.250,"LAC"
"QB","Matt Ryan",7100,"ATL@DET 01:00PM ET",17.910,"ATL"
"WR","Amari Cooper",7100,"OAK@WAS 08:30PM ET",12.250,"OAK"
"RB","LeSean McCoy",7000,"DEN@BUF 01:00PM ET",17.100,"BUF"
"WR","Michael Thomas",7000,"NO@CAR 01:00PM ET",11.700,"NO"
"WR","Golden Tate",6900,"ATL@DET 01:00PM ET",15.450,"DET"
"RB","Ty Montgomery",6900,"CIN@GB 04:25PM ET",24.150,"GB"
"RB","Todd Gurley II",6800,"LAR@SF 08:25PM ET",24.100,"LAR"
"TE","Rob Gronkowski",6800,"HOU@NE 01:00PM ET",15.950,"NE"
"WR","Jarvis Landry",6800,"MIA@NYJ 01:00PM ET",20.100,"MIA"
"QB","Derek Carr",6800,"OAK@WAS 08:30PM ET",19.940,"OAK"
"WR","Dez Bryant",6800,"DAL@ARI 08:30PM ET",12.600,"DAL"
"WR","Kelvin Benjamin",6700,"NO@CAR 01:00PM ET",8.600,"CAR"
"RB","Devonta Freeman",6700,"ATL@DET 01:00PM ET",17.950,"ATL"
"QB","Cam Newton",6600,"NO@CAR 01:00PM ET",12.980,"CAR"
"WR","Tyreek Hill",6600,"KC@LAC 04:25PM ET",19.350,"KC"
"WR","Stefon Diggs",6500,"TB@MIN 01:00PM ET",16.400,"MIN"
"WR","Doug Baldwin",6400,"SEA@TEN 04:05PM ET",10.200,"SEA"
"QB","Philip Rivers",6400,"KC@LAC 04:25PM ET",19.460,"LAC"
"WR","Larry Fitzgerald",6400,"DAL@ARI 08:30PM ET",9.250,"ARI"
"WR","DeVante Parker",6300,"MIA@NYJ 01:00PM ET",12.500,"MIA"
"QB","Russell Wilson",6300,"SEA@TEN 04:05PM ET",12.320,"SEA"
"QB","Ben Roethlisberger",6200,"PIT@CHI 01:00PM ET",17.120,"PIT"
"QB","Matthew Stafford",6200,"ATL@DET 01:00PM ET",21.130,"DET"
"WR","DeAndre Hopkins",6200,"HOU@NE 01:00PM ET",16.400,"HOU"
"RB","Christian McCaffrey",6100,"NO@CAR 01:00PM ET",10.450,"CAR"
"WR","Chris Hogan",6100,"HOU@NE 01:00PM ET",11.150,"NE"
"QB","Jay Cutler",6100,"MIA@NYJ 01:00PM ET",13.100,"MIA"
"QB","Kirk Cousins",6100,"OAK@WAS 08:30PM ET",12.730,"WAS"
"RB","Leonard Fournette",6000,"BAL@JAX 09:30AM ET",19.250,"JAX"
"QB","Jameis Winston",6000,"TB@MIN 01:00PM ET",12.460,"TB"
"QB","Marcus Mariota",6000,"SEA@TEN 04:05PM ET",16.420,"TEN"
"WR","Randall Cobb",6000,"CIN@GB 04:25PM ET",15.250,"GB"
"TE","Travis Kelce",6000,"KC@LAC 04:25PM ET",18.350,"KC"
"RB","Marshawn Lynch",6000,"OAK@WAS 08:30PM ET",11.050,"OAK"
"QB","Carson Palmer",6000,"DAL@ARI 08:30PM ET",15.920,"ARI"
"WR","Demaryius Thomas",5900,"DEN@BUF 01:00PM ET",12.400,"DEN"
"RB","Dalvin Cook",5900,"TB@MIN 01:00PM ET",14.050,"MIN"
"WR","Alshon Jeffery",5900,"NYG@PHI 01:00PM ET",15.500,"PHI"
"QB","Carson Wentz",5900,"NYG@PHI 01:00PM ET",26.350,"PHI"
"QB","Alex Smith",5900,"KC@LAC 04:25PM ET",25.080,"KC"
"WR","Terrelle Pryor Sr.",5900,"OAK@WAS 08:30PM ET",8.850,"WAS"
"WR","Emmanuel Sanders",5800,"DEN@BUF 01:00PM ET",14.900,"DEN"
"RB","C.J. Anderson",5800,"DEN@BUF 01:00PM ET",21.600,"DEN"
"QB","Andrew Luck",5800,"CLE@IND 01:00PM ET",0,"IND"
"QB","Dak Prescott",5800,"DAL@ARI 08:30PM ET",17.520,"DAL"
"WR","Martavis Bryant",5700,"PIT@CHI 01:00PM ET",11.100,"PIT"
"QB","Sam Bradford",5700,"TB@MIN 01:00PM ET",28.540,"MIN"
"WR","Adam Thielen",5700,"TB@MIN 01:00PM ET",18.050,"MIN"
"RB","Mike Gillislee",5700,"HOU@NE 01:00PM ET",17.700,"NE"
"RB","Tarik Cohen",5600,"PIT@CHI 01:00PM ET",19.550,"CHI"
"QB","Jimmy Garoppolo",5600,"HOU@NE 01:00PM ET",0,"NE"
"WR","Davante Adams",5600,"CIN@GB 04:25PM ET",15.800,"GB"
"WR","Sammy Watkins",5500,"LAR@SF 08:25PM ET",7.900,"LAR"
"QB","Trevor Siemian",5500,"DEN@BUF 01:00PM ET",24.150,"DEN"
"RB","DeMarco Murray",5500,"SEA@TEN 04:05PM ET",5.900,"TEN"
"QB","Derek Anderson",5400,"NO@CAR 01:00PM ET",0,"CAR"
"WR","Danny Amendola",5400,"HOU@NE 01:00PM ET",19.000,"NE"
"RB","James White",5400,"HOU@NE 01:00PM ET",13.700,"NE"
"TE","Jordan Reed",5400,"OAK@WAS 08:30PM ET",9.700,"WAS"
"WR","Pierre Garcon",5300,"LAR@SF 08:25PM ET",9.850,"SF"
"QB","Joe Flacco",5300,"BAL@JAX 09:30AM ET",11.710,"BAL"
"RB","Tevin Coleman",5300,"ATL@DET 01:00PM ET",11.150,"ATL"
"QB","Eli Manning",5300,"NYG@PHI 01:00PM ET",10.130,"NYG"
"RB","Derrick Henry",5300,"SEA@TEN 04:05PM ET",8.850,"TEN"
"WR","J.J. Nelson",5300,"DAL@ARI 08:30PM ET",20.650,"ARI"
"RB","Carlos Hyde",5200,"LAR@SF 08:25PM ET",17.000,"SF"
"QB","Jared Goff",5200,"LAR@SF 08:25PM ET",15.750,"LAR"
"WR","Jeremy Maclin",5200,"BAL@JAX 09:30AM ET",13.350,"BAL"
"WR","T.Y. Hilton",5200,"CLE@IND 01:00PM ET",8.300,"IND"
"RB","Alfred Morris",5200,"DAL@ARI 08:30PM ET",0.100,"DAL"
"RB","Theo Riddick",5100,"ATL@DET 01:00PM ET",10.650,"DET"
"QB","Andy Dalton",5100,"CIN@GB 04:25PM ET",5.730,"CIN"
"WR","John Brown",5100,"DAL@ARI 08:30PM ET",8.200,"ARI"
"RB","Javorius Allen",5000,"BAL@JAX 09:30AM ET",14.100,"BAL"
"QB","DeShone Kizer",5000,"CLE@IND 01:00PM ET",12.730,"CLE"
"RB","Lamar Miller",5000,"HOU@NE 01:00PM ET",11.650,"HOU"
"WR","Brandon Marshall",5000,"NYG@PHI 01:00PM ET",2.350,"NYG"
"TE","Zach Ertz",5000,"NYG@PHI 01:00PM ET",16.000,"PHI"
"RB","Terrance West",4900,"BAL@JAX 09:30AM ET",13.250,"BAL"
"QB","Tyrod Taylor",4900,"DEN@BUF 01:00PM ET",15.130,"BUF"
"TE","Greg Olsen",4900,"NO@CAR 01:00PM ET",2.900,"CAR"
"RB","Jordan Howard",4900,"PIT@CHI 01:00PM ET",8.150,"CHI"
"RB","Chris Carson",4900,"SEA@TEN 04:05PM ET",8.450,"SEA"
"WR","Jamison Crowder",4900,"OAK@WAS 08:30PM ET",6.050,"WAS"
"QB","Brian Hoyer",4800,"LAR@SF 08:25PM ET",4.090,"SF"
"RB","Isaiah Crowell",4800,"CLE@IND 01:00PM ET",7.150,"CLE"
"QB","Jacoby Brissett",4800,"CLE@IND 01:00PM ET",5.940,"IND"
"WR","Corey Coleman",4800,"CLE@IND 01:00PM ET",9.100,"CLE"
"WR","Cooper Kupp",4700,"LAR@SF 08:25PM ET",11.950,"LAR"
"RB","Jonathan Stewart",4700,"NO@CAR 01:00PM ET",10.100,"CAR"
"QB","Mike Glennon",4700,"PIT@CHI 01:00PM ET",14.280,"CHI"
"RB","Ameer Abdullah",4700,"ATL@DET 01:00PM ET",7.850,"DET"
"QB","Deshaun Watson",4700,"HOU@NE 01:00PM ET",12.690,"HOU"
"WR","Sterling Shepard",4700,"NYG@PHI 01:00PM ET",8.500,"NYG"
"QB","AJ McCarron",4700,"CIN@GB 04:25PM ET",0,"CIN"
"QB","Patrick Mahomes II",4700,"KC@LAC 04:25PM ET",0,"KC"
"QB","Colt McCoy",4700,"OAK@WAS 08:30PM ET",0,"WAS"
"WR","Cole Beasley",4700,"DAL@ARI 08:30PM ET",6.750,"DAL"
"WR","Allen Hurns",4600,"BAL@JAX 09:30AM ET",13.700,"JAX"
"QB","Chase Daniel",4600,"NO@CAR 01:00PM ET",0,"NO"
"WR","Kenny Golladay",4600,"ATL@DET 01:00PM ET",12.350,"DET"
"QB","Kevin Hogan",4600,"CLE@IND 01:00PM ET",8.220,"CLE"
"WR","DeSean Jackson",4600,"TB@MIN 01:00PM ET",6.900,"TB"
"RB","Jacquizz Rodgers",4600,"TB@MIN 01:00PM ET",12.700,"TB"
"WR","Jermaine Kearse",4600,"MIA@NYJ 01:00PM ET",17.650,"NYJ"
"TE","Jimmy Graham",4600,"SEA@TEN 04:05PM ET",2.450,"SEA"
"WR","Tyrell Williams",4600,"KC@LAC 04:25PM ET",9.900,"LAC"
"RB","Mark Ingram",4500,"NO@CAR 01:00PM ET",11.850,"NO"
"WR","Willie Snead",4500,"NO@CAR 01:00PM ET",0,"NO"
"QB","Landry Jones",4500,"PIT@CHI 01:00PM ET",0,"PIT"
"QB","Mitchell Trubisky",4500,"PIT@CHI 01:00PM ET",0.000,"CHI"
"RB","James Conner",4500,"PIT@CHI 01:00PM ET",1.000,"PIT"
"WR","Mohamed Sanu",4500,"ATL@DET 01:00PM ET",12.100,"ATL"
"QB","Case Keenum",4500,"TB@MIN 01:00PM ET",6.680,"MIN"
"RB","Doug Martin",4500,"TB@MIN 01:00PM ET",0,"TB"
"QB","Josh McCown",4500,"MIA@NYJ 01:00PM ET",14.110,"NYJ"
"QB","Matt Moore",4500,"MIA@NYJ 01:00PM ET",0,"MIA"
"QB","Geno Smith",4500,"NYG@PHI 01:00PM ET",0,"NYG"
"RB","Joe Mixon",4500,"CIN@GB 04:25PM ET",5.250,"CIN"
"QB","Cardale Jones",4500,"KC@LAC 04:25PM ET",0,"LAC"
"RB","Chris Thompson",4500,"OAK@WAS 08:30PM ET",20.600,"WAS"
"RB","Samaje Perine",4500,"OAK@WAS 08:30PM ET",3.850,"WAS"
"QB","Cooper Rush",4500,"DAL@ARI 08:30PM ET",0,"DAL"
"RB","Darren McFadden",4500,"DAL@ARI 08:30PM ET",0,"DAL"
"TE","Jason Witten",4500,"DAL@ARI 08:30PM ET",22.300,"DAL"
"QB","Blake Bortles",4400,"BAL@JAX 09:30AM ET",11.560,"JAX"
"WR","Marqise Lee",4400,"BAL@JAX 09:30AM ET",7.300,"JAX"
"QB","Ryan Fitzpatrick",4400,"TB@MIN 01:00PM ET",-0.200,"TB"
"QB","Tom Savage",4400,"HOU@NE 01:00PM ET",0.480,"HOU"
"WR","Kenny Stills",4400,"MIA@NYJ 01:00PM ET",11.700,"MIA"
"TE","Delanie Walker",4400,"SEA@TEN 04:05PM ET",15.400,"TEN"
"RB","Jamaal Williams",4400,"CIN@GB 04:25PM ET",1.500,"GB"
"QB","Chad Henne",4300,"BAL@JAX 09:30AM ET",0,"JAX"
"WR","Kendall Wright",4300,"PIT@CHI 01:00PM ET",10.150,"CHI"
"QB","Matt Schaub",4300,"ATL@DET 01:00PM ET",0.000,"ATL"
"QB","Scott Tolzien",4300,"CLE@IND 01:00PM ET",3.320,"IND"
"RB","Matt Forte",4300,"MIA@NYJ 01:00PM ET",9.850,"NYJ"
"QB","Nick Foles",4300,"NYG@PHI 01:00PM ET",0,"PHI"
"QB","Matt Cassel",4300,"SEA@TEN 04:05PM ET",0,"TEN"
"QB","Austin Davis",4300,"SEA@TEN 04:05PM ET",0,"SEA"
"WR","Tyler Lockett",4300,"SEA@TEN 04:05PM ET",7.100,"SEA"
"QB","Connor Cook",4300,"OAK@WAS 08:30PM ET",0,"OAK"
"QB","Blaine Gabbert",4300,"DAL@ARI 08:30PM ET",0,"ARI"
"QB","Sean Mannion",4200,"LAR@SF 08:25PM ET",-0.220,"LAR"
"QB","C.J. Beathard",4200,"LAR@SF 08:25PM ET",0,"SF"
"RB","Jamaal Charles",4200,"DEN@BUF 01:00PM ET",4.600,"DEN"
"QB","Brock Osweiler",4200,"DEN@BUF 01:00PM ET",0,"DEN"
"WR","Devin Funchess",4200,"NO@CAR 01:00PM ET",7.400,"CAR"
"WR","Marvin Jones Jr.",4200,"ATL@DET 01:00PM ET",10.700,"DET"
"QB","Jake Rudock",4200,"ATL@DET 01:00PM ET",0.000,"DET"
"RB","Frank Gore",4200,"CLE@IND 01:00PM ET",8.400,"IND"
"RB","Duke Johnson Jr.",4200,"CLE@IND 01:00PM ET",7.500,"CLE"
"TE","Kyle Rudolph",4200,"TB@MIN 01:00PM ET",10.050,"MIN"
"RB","Bilal Powell",4200,"MIA@NYJ 01:00PM ET",5.100,"NYJ"
"WR","Nelson Agholor",4200,"NYG@PHI 01:00PM ET",14.250,"PHI"
"WR","Rishard Matthews",4200,"SEA@TEN 04:05PM ET",9.700,"TEN"
"QB","Brett Hundley",4200,"CIN@GB 04:25PM ET",0,"GB"
"RB","Rob Kelley",4200,"OAK@WAS 08:30PM ET",5.400,"WAS"
"RB","Chris Johnson",4200,"DAL@ARI 08:30PM ET",4.400,"ARI"
"WR","Ted Ginn Jr.",4100,"NO@CAR 01:00PM ET",7.600,"NO"
"TE","Coby Fleener",4100,"NO@CAR 01:00PM ET",14.350,"NO"
"WR","Kenny Britt",4100,"CLE@IND 01:00PM ET",1.750,"CLE"
"QB","Christian Hackenberg",4100,"MIA@NYJ 01:00PM ET",0,"NYJ"
"WR","Paul Richardson",4100,"SEA@TEN 04:05PM ET",9.900,"SEA"
"RB","Jalen Richard",4100,"OAK@WAS 08:30PM ET",11.350,"OAK"
"QB","Brandon Allen",4000,"LAR@SF 08:25PM ET",0,"LAR"
"QB","Ryan Mallett",4000,"BAL@JAX 09:30AM ET",0,"BAL"
"QB","Joe Webb",4000,"DEN@BUF 01:00PM ET",0.000,"BUF"
"QB","Nathan Peterman",4000,"DEN@BUF 01:00PM ET",0,"BUF"
"QB","Paxton Lynch",4000,"DEN@BUF 01:00PM ET",0,"DEN"
"QB","Taysom Hill",4000,"NO@CAR 01:00PM ET",0,"NO"
"RB","Alvin Kamara",4000,"NO@CAR 01:00PM ET",8.100,"NO"
"QB","Brad Kaaya",4000,"NO@CAR 01:00PM ET",0,"CAR"
"QB","Mark Sanchez",4000,"PIT@CHI 01:00PM ET",0,"CHI"
"QB","Joshua Dobbs",4000,"PIT@CHI 01:00PM ET",0,"PIT"
"WR","Taylor Gabriel",4000,"ATL@DET 01:00PM ET",5.350,"ATL"
"WR","Josh Gordon",4000,"CLE@IND 01:00PM ET",0,"CLE"
"QB","Cody Kessler",4000,"CLE@IND 01:00PM ET",0,"CLE"
"WR","Rashard Higgins",4000,"CLE@IND 01:00PM ET",16.900,"CLE"
"RB","Jerick McKinnon",4000,"TB@MIN 01:00PM ET",6.100,"MIN"
"QB","Kyle Sloter",4000,"TB@MIN 01:00PM ET",0,"MIN"
"RB","Rex Burkhead",4000,"HOU@NE 01:00PM ET",8.350,"NE"
"WR","Phillip Dorsett",4000,"HOU@NE 01:00PM ET",5.250,"NE"
"RB","D'Onta Foreman",4000,"HOU@NE 01:00PM ET",2.200,"HOU"
"QB","Bryce Petty",4000,"MIA@NYJ 01:00PM ET",0,"NYJ"
"RB","Kenyan Drake",4000,"MIA@NYJ 01:00PM ET",-0.300,"MIA"
"RB","Shane Vereen",4000,"NYG@PHI 01:00PM ET",11.300,"NYG"
"QB","Davis Webb",4000,"NYG@PHI 01:00PM ET",0,"NYG"
"WR","Eric Decker",4000,"SEA@TEN 04:05PM ET",5.100,"TEN"
"RB","Thomas Rawls",4000,"SEA@TEN 04:05PM ET",0.400,"SEA"
"TE","Martellus Bennett",4000,"CIN@GB 04:25PM ET",8.500,"GB"
"QB","Kellen Clemens",4000,"KC@LAC 04:25PM ET",0,"LAC"
"RB","Branden Oliver",4000,"KC@LAC 04:25PM ET",2.050,"LAC"
"QB","Tyler Bray",4000,"KC@LAC 04:25PM ET",0,"KC"
"RB","Charcandrick West",4000,"KC@LAC 04:25PM ET",4.750,"KC"
"QB","EJ Manuel",4000,"OAK@WAS 08:30PM ET",0,"OAK"
"RB","DeAndre Washington",4000,"OAK@WAS 08:30PM ET",5.350,"OAK"
"QB","Kellen Moore",4000,"DAL@ARI 08:30PM ET",0,"DAL"
"QB","Drew Stanton",4000,"DAL@ARI 08:30PM ET",0,"ARI"
"RB","Kerwynn Williams",4000,"DAL@ARI 08:30PM ET",5.200,"ARI"
"RB","Malcolm Brown",3900,"LAR@SF 08:25PM ET",4.100,"LAR"
"DST","Ravens ",3900,"BAL@JAX 09:30AM ET",21.000,"BAL"
"RB","T.J. Yeldon",3900,"BAL@JAX 09:30AM ET",0,"JAX"
"RB","Adrian Peterson",3900,"NO@CAR 01:00PM ET",2.200,"NO"
"WR","Brandon Coleman",3900,"NO@CAR 01:00PM ET",10.750,"NO"
"RB","Charles Sims",3900,"TB@MIN 01:00PM ET",1.900,"TB"
"RB","Darren Sproles",3900,"NYG@PHI 01:00PM ET",9.150,"PHI"
"RB","LeGarrette Blount",3900,"NYG@PHI 01:00PM ET",6.350,"PHI"
"WR","Corey Davis",3900,"SEA@TEN 04:05PM ET",7.150,"TEN"
"TE","Tyler Eifert",3900,"CIN@GB 04:25PM ET",4.300,"CIN"
"TE","Hunter Henry",3900,"KC@LAC 04:25PM ET",7.500,"LAC"
"RB","Matt Breida",3800,"LAR@SF 08:25PM ET",2.950,"SF"
"RB","Chris Ivory",3800,"BAL@JAX 09:30AM ET",7.050,"JAX"
"RB","Mike Tolbert",3800,"DEN@BUF 01:00PM ET",7.050,"BUF"
"RB","Dwayne Washington",3800,"ATL@DET 01:00PM ET",1.550,"DET"
"TE","Austin Hooper",3800,"ATL@DET 01:00PM ET",13.250,"ATL"
"WR","Donte Moncrief",3800,"CLE@IND 01:00PM ET",4.900,"IND"
"RB","Marlon Mack",3800,"CLE@IND 01:00PM ET",6.650,"IND"
"DST","Patriots ",3800,"HOU@NE 01:00PM ET",1.500,"NE"
"RB","Alfred Blue",3800,"HOU@NE 01:00PM ET",0,"HOU"
"WR","Will Fuller V",3800,"HOU@NE 01:00PM ET",0,"HOU"
"RB","Damien Williams",3800,"MIA@NYJ 01:00PM ET",0.000,"MIA"
"RB","Paul Perkins",3800,"NYG@PHI 01:00PM ET",4.350,"NYG"
"RB","Wendell Smallwood",3800,"NYG@PHI 01:00PM ET",1.500,"PHI"
"RB","Giovani Bernard",3800,"CIN@GB 04:25PM ET",6.750,"CIN"
"RB","Andre Ellington",3800,"DAL@ARI 08:30PM ET",5.400,"ARI"
"TE","Benjamin Watson",3700,"BAL@JAX 09:30AM ET",8.550,"BAL"
"WR","Mike Wallace",3700,"BAL@JAX 09:30AM ET",1.750,"BAL"
"RB","Robert Turbin",3700,"CLE@IND 01:00PM ET",2.100,"IND"
"DST","Dolphins ",3700,"MIA@NYJ 01:00PM ET",2.000,"MIA"
"RB","C.J. Prosise",3700,"SEA@TEN 04:05PM ET",3.150,"SEA"
"WR","Brandon LaFell",3700,"CIN@GB 04:25PM ET",6.200,"CIN"
"RB","Jeremy Hill",3700,"CIN@GB 04:25PM ET",3.150,"CIN"
"RB","Aaron Jones",3700,"CIN@GB 04:25PM ET",0.000,"GB"
"WR","Mike Williams",3700,"KC@LAC 04:25PM ET",0,"LAC"
"WR","Jaron Brown",3700,"DAL@ARI 08:30PM ET",5.650,"ARI"
"DST","Broncos ",3600,"DEN@BUF 01:00PM ET",9.000,"DEN"
"RB","De'Angelo Henderson",3600,"DEN@BUF 01:00PM ET",0.000,"DEN"
"WR","Eli Rogers",3600,"PIT@CHI 01:00PM ET",5.700,"PIT"
"TE","Jack Doyle",3600,"CLE@IND 01:00PM ET",11.000,"IND"
"WR","Jeremy Kerley",3600,"MIA@NYJ 01:00PM ET",4.400,"NYJ"
"WR","Torrey Smith",3600,"NYG@PHI 01:00PM ET",7.300,"PHI"
"WR","Taywan Taylor",3600,"SEA@TEN 04:05PM ET",5.100,"TEN"
"WR","Terrance Williams",3600,"DAL@ARI 08:30PM ET",9.250,"DAL"
"DST","Rams ",3500,"LAR@SF 08:25PM ET",15.000,"LAR"
"WR","Marquise Goodwin",3500,"LAR@SF 08:25PM ET",5.350,"SF"
"WR","Jaelen Strong",3500,"BAL@JAX 09:30AM ET",0.000,"JAX"
"RB","Alex Collins",3500,"BAL@JAX 09:30AM ET",3.200,"BAL"
"WR","Jordan Matthews",3500,"DEN@BUF 01:00PM ET",7.050,"BUF"
"RB","Devontae Booker",3500,"DEN@BUF 01:00PM ET",0,"DEN"
"WR","Russell Shepard",3500,"NO@CAR 01:00PM ET",7.450,"CAR"
"WR","Deonte Thompson",3500,"PIT@CHI 01:00PM ET",9.100,"CHI"
"WR","Markus Wheaton",3500,"PIT@CHI 01:00PM ET",0,"CHI"
"RB","Elijah McGuire",3500,"MIA@NYJ 01:00PM ET",2.300,"NYJ"
"DST","Seahawks ",3500,"SEA@TEN 04:05PM ET",7.500,"SEA"
"RB","Devante Mays",3500,"CIN@GB 04:25PM ET",0.000,"GB"
"WR","Travis Benjamin",3500,"KC@LAC 04:25PM ET",7.700,"LAC"
"WR","Ryan Grant",3500,"OAK@WAS 08:30PM ET",9.100,"WAS"
"WR","Josh Doctson",3500,"OAK@WAS 08:30PM ET",0.000,"WAS"
"RB","D.J. Foster",3500,"DAL@ARI 08:30PM ET",0,"ARI"
"WR","Tavon Austin",3400,"LAR@SF 08:25PM ET",1.800,"LAR"
"DST","Jaguars ",3400,"BAL@JAX 09:30AM ET",13.500,"JAX"
"TE","Charles Clay",3400,"DEN@BUF 01:00PM ET",10.300,"BUF"
"DST","Steelers ",3400,"PIT@CHI 01:00PM ET",13.000,"PIT"
"RB","Dion Lewis",3400,"HOU@NE 01:00PM ET",2.200,"NE"
"WR","Robby Anderson",3400,"MIA@NYJ 01:00PM ET",5.500,"NYJ"
"RB","Orleans Darkwa",3400,"NYG@PHI 01:00PM ET",2.650,"NYG"
"RB","Eddie Lacy",3400,"SEA@TEN 04:05PM ET",0.300,"SEA"
"DST","Packers ",3400,"CIN@GB 04:25PM ET",5.500,"GB"
"WR","Dontrelle Inman",3400,"KC@LAC 04:25PM ET",0.000,"LAC"
"WR","Seth Roberts",3400,"OAK@WAS 08:30PM ET",4.450,"OAK"
"WR","Robert Woods",3300,"LAR@SF 08:25PM ET",5.050,"LAR"
"WR","Josh Bellamy",3300,"PIT@CHI 01:00PM ET",7.400,"CHI"
"TE","Jesse James",3300,"PIT@CHI 01:00PM ET",14.400,"PIT"
"RB","Zach Zenner",3300,"ATL@DET 01:00PM ET",0,"DET"
"TE","Eric Ebron",3300,"ATL@DET 01:00PM ET",9.050,"DET"
"WR","Kamar Aiken",3300,"CLE@IND 01:00PM ET",3.700,"IND"
"DST","Vikings ",3300,"TB@MIN 01:00PM ET",2.000,"MIN"
"WR","Laquon Treadwell",3300,"TB@MIN 01:00PM ET",4.000,"MIN"
"WR","Bruce Ellington",3300,"HOU@NE 01:00PM ET",0.000,"HOU"
"WR","Roger Lewis",3300,"NYG@PHI 01:00PM ET",6.350,"NYG"
"WR","Tyler Boyd",3300,"CIN@GB 04:25PM ET",2.100,"CIN"
"WR","John Ross",3300,"CIN@GB 04:25PM ET",0.200,"CIN"
"WR","Jeff Janis",3300,"CIN@GB 04:25PM ET",0.000,"GB"
"RB","Rod Smith",3300,"DAL@ARI 08:30PM ET",0.400,"DAL"
"WR","Curtis Samuel",3200,"NO@CAR 01:00PM ET",1.350,"CAR"
"DST","Colts ",3200,"CLE@IND 01:00PM ET",4.500,"IND"
"DST","Buccaneers ",3200,"TB@MIN 01:00PM ET",19.000,"TB"
"RB","Latavius Murray",3200,"TB@MIN 01:00PM ET",0.600,"MIN"
"TE","Evan Engram",3200,"NYG@PHI 01:00PM ET",11.650,"NYG"
"WR","Chris Conley",3200,"KC@LAC 04:25PM ET",7.900,"KC"
"WR","Michael Campanaro",3100,"BAL@JAX 09:30AM ET",0.350,"BAL"
"WR","Zay Jones",3100,"DEN@BUF 01:00PM ET",3.450,"BUF"
"WR","Tommylee Lewis",3100,"NO@CAR 01:00PM ET",4.900,"NO"
"WR","Sammie Coates",3100,"CLE@IND 01:00PM ET",0.000,"CLE"
"WR","Adam Humphries",3100,"TB@MIN 01:00PM ET",3.800,"TB"
"WR","Braxton Miller",3100,"HOU@NE 01:00PM ET",1.500,"HOU"
"WR","ArDarius Stewart",3100,"MIA@NYJ 01:00PM ET",1.500,"NYJ"
"DST","Giants ",3100,"NYG@PHI 01:00PM ET",3.500,"NYG"
"WR","Alex Erickson",3100,"CIN@GB 04:25PM ET",5.200,"CIN"
"WR","Albert Wilson",3100,"KC@LAC 04:25PM ET",6.650,"KC"
"TE","Jared Cook",3100,"OAK@WAS 08:30PM ET",8.550,"OAK"
"WR","Aldrick Robinson",3000,"LAR@SF 08:25PM ET",0.850,"SF"
"RB","Kyle Juszczyk",3000,"LAR@SF 08:25PM ET",1.850,"SF"
"RB","Raheem Mostert",3000,"LAR@SF 08:25PM ET",0.000,"SF"
"RB","Justin Davis",3000,"LAR@SF 08:25PM ET",0.100,"LAR"
"WR","Trent Taylor",3000,"LAR@SF 08:25PM ET",2.200,"SF"
"WR","Pharoh Cooper",3000,"LAR@SF 08:25PM ET",0.000,"LAR"
"WR","Victor Bolden Jr.",3000,"LAR@SF 08:25PM ET",0.000,"SF"
"WR","Kendrick Bourne",3000,"LAR@SF 08:25PM ET",0.000,"SF"
"WR","Josh Reynolds",3000,"LAR@SF 08:25PM ET",1.900,"LAR"
"WR","Arrelious Benn",3000,"BAL@JAX 09:30AM ET",1.100,"JAX"
"RB","Tommy Bohanon",3000,"BAL@JAX 09:30AM ET",3.550,"JAX"
"WR","Chris Matthews",3000,"BAL@JAX 09:30AM ET",0.000,"BAL"
"RB","Corey Grant",3000,"BAL@JAX 09:30AM ET",0.650,"JAX"
"WR","Chris Moore",3000,"BAL@JAX 09:30AM ET",0.000,"BAL"
"WR","Breshad Perriman",3000,"BAL@JAX 09:30AM ET",0.750,"BAL"
"WR","Max McCaffrey",3000,"BAL@JAX 09:30AM ET",0.000,"JAX"
"WR","Vince Mayle",3000,"BAL@JAX 09:30AM ET",0.000,"BAL"
"WR","Keelan Cole",3000,"BAL@JAX 09:30AM ET",1.650,"JAX"
"WR","Brandon Tate",3000,"DEN@BUF 01:00PM ET",0.000,"BUF"
"RB","Taiwan Jones",3000,"DEN@BUF 01:00PM ET",0.000,"BUF"
"RB","Joe Banyard",3000,"DEN@BUF 01:00PM ET",0.000,"BUF"
"RB","Patrick DiMarco",3000,"DEN@BUF 01:00PM ET",0.750,"BUF"
"WR","Bennie Fowler",3000,"DEN@BUF 01:00PM ET",9.450,"DEN"
"WR","Jordan Taylor",3000,"DEN@BUF 01:00PM ET",0,"DEN"
"WR","Kaelin Clay",3000,"DEN@BUF 01:00PM ET",0.000,"BUF"
"WR","Andre Holmes",3000,"DEN@BUF 01:00PM ET",5.450,"BUF"
"WR","Cody Latimer",3000,"DEN@BUF 01:00PM ET",2.100,"DEN"
"RB","Andy Janovich",3000,"DEN@BUF 01:00PM ET",0.000,"DEN"
"WR","Isaiah McKenzie",3000,"DEN@BUF 01:00PM ET",0.000,"DEN"
"RB","John Kuhn",3000,"NO@CAR 01:00PM ET",0.100,"NO"
"RB","Fozzy Whittaker",3000,"NO@CAR 01:00PM ET",0.050,"CAR"
"WR","Damiere Byrd",3000,"NO@CAR 01:00PM ET",0.000,"CAR"
"RB","Trey Edmunds",3000,"NO@CAR 01:00PM ET",0.000,"NO"
"WR","Austin Carr",3000,"NO@CAR 01:00PM ET",0,"NO"
"RB","Cameron Artis-Payne",3000,"NO@CAR 01:00PM ET",0,"CAR"
"TE","Zach Miller",3000,"PIT@CHI 01:00PM ET",9.050,"CHI"
"WR","Darrius Heyward-Bey",3000,"PIT@CHI 01:00PM ET",0.000,"PIT"
"RB","Benny Cunningham",3000,"PIT@CHI 01:00PM ET",0.000,"CHI"
"WR","Justin Hunter",3000,"PIT@CHI 01:00PM ET",0,"PIT"
"RB","Roosevelt Nix",3000,"PIT@CHI 01:00PM ET",0.000,"PIT"
"RB","Michael Burton",3000,"PIT@CHI 01:00PM ET",0.350,"CHI"
"WR","Tre McBride",3000,"PIT@CHI 01:00PM ET",0.000,"CHI"
"RB","Terrell Watson",3000,"PIT@CHI 01:00PM ET",0.050,"PIT"
"WR","Tanner Gentry",3000,"PIT@CHI 01:00PM ET",4.700,"CHI"
"RB","Taquan Mizzell",3000,"PIT@CHI 01:00PM ET",0,"CHI"
"WR","JuJu Smith-Schuster",3000,"PIT@CHI 01:00PM ET",5.300,"PIT"
"WR","Andre Roberts",3000,"ATL@DET 01:00PM ET",0.000,"ATL"
"RB","Derrick Coleman",3000,"ATL@DET 01:00PM ET",0.000,"ATL"
"WR","Jared Abbrederis",3000,"ATL@DET 01:00PM ET",0,"DET"
"WR","Nick Williams",3000,"ATL@DET 01:00PM ET",0,"ATL"
"WR","TJ Jones",3000,"ATL@DET 01:00PM ET",2.600,"DET"
"WR","Justin Hardy",3000,"ATL@DET 01:00PM ET",1.450,"ATL"
"RB","Terron Ward",3000,"ATL@DET 01:00PM ET",0.000,"ATL"
"RB","Tion Green",3000,"ATL@DET 01:00PM ET",0,"DET"
"RB","Brian Hill",3000,"ATL@DET 01:00PM ET",0,"ATL"
"DST","Browns ",3000,"CLE@IND 01:00PM ET",4.500,"CLE"
"WR","Quan Bray",3000,"CLE@IND 01:00PM ET",0.000,"IND"
"WR","Kasen Williams",3000,"CLE@IND 01:00PM ET",0.000,"CLE"
"RB","Danny Vitale",3000,"CLE@IND 01:00PM ET",0.000,"CLE"
"WR","Ricardo Louis",3000,"CLE@IND 01:00PM ET",4.950,"CLE"
"WR","Chester Rogers",3000,"CLE@IND 01:00PM ET",0,"IND"
"WR","Reggie Davis",3000,"CLE@IND 01:00PM ET",0,"CLE"
"RB","Matthew Dayes",3000,"CLE@IND 01:00PM ET",1.800,"CLE"
"WR","Jarius Wright",3000,"TB@MIN 01:00PM ET",2.500,"MIN"
"TE","Cameron Brate",3000,"TB@MIN 01:00PM ET",4.400,"TB"
"WR","Bernard Reedy",3000,"TB@MIN 01:00PM ET",0.000,"TB"
"WR","Stacy Coley",3000,"TB@MIN 01:00PM ET",0.000,"MIN"
"RB","Peyton Barber",3000,"TB@MIN 01:00PM ET",4.700,"TB"
"WR","Rodney Adams",3000,"TB@MIN 01:00PM ET",0,"MIN"
"WR","Chris Godwin",3000,"TB@MIN 01:00PM ET",0.000,"TB"
"RB","C.J. Ham",3000,"TB@MIN 01:00PM ET",3.050,"MIN"
"WR","Matthew Slater",3000,"HOU@NE 01:00PM ET",0,"NE"
"RB","James Develin",3000,"HOU@NE 01:00PM ET",0.800,"NE"
"RB","Jordan Todman",3000,"HOU@NE 01:00PM ET",0.000,"HOU"
"TE","Ryan Griffin",3000,"HOU@NE 01:00PM ET",0.000,"HOU"
"RB","Brandon Bolden",3000,"HOU@NE 01:00PM ET",0.000,"NE"
"RB","Jay Prosch",3000,"HOU@NE 01:00PM ET",0.000,"HOU"
"RB","Tyler Ervin",3000,"HOU@NE 01:00PM ET",5.600,"HOU"
"TE","Julius Thomas",3000,"MIA@NYJ 01:00PM ET",5.600,"MIA"
"RB","Senorise Perry",3000,"MIA@NYJ 01:00PM ET",0.000,"MIA"
"TE","Austin Seferian-Jenkins",3000,"MIA@NYJ 01:00PM ET",0,"NYJ"
"WR","Charone Peake",3000,"MIA@NYJ 01:00PM ET",0.650,"NYJ"
"WR","Jakeem Grant",3000,"MIA@NYJ 01:00PM ET",0.000,"MIA"
"WR","Kalif Raymond",3000,"MIA@NYJ 01:00PM ET",-0.500,"NYJ"
"WR","Leonte Carroo",3000,"MIA@NYJ 01:00PM ET",0.000,"MIA"
"WR","Chad Hansen",3000,"MIA@NYJ 01:00PM ET",0.000,"NYJ"
"DST","Eagles ",3000,"NYG@PHI 01:00PM ET",13.000,"PHI"
"WR","Dwayne Harris",3000,"NYG@PHI 01:00PM ET",0.000,"NYG"
"WR","Tavarres King",3000,"NYG@PHI 01:00PM ET",0,"NYG"
"WR","Marcus Johnson",3000,"NYG@PHI 01:00PM ET",0.000,"PHI"
"RB","Shane Smith",3000,"NYG@PHI 01:00PM ET",0.000,"NYG"
"WR","Mack Hollins",3000,"NYG@PHI 01:00PM ET",3.100,"PHI"
"RB","Wayne Gallman",3000,"NYG@PHI 01:00PM ET",0,"NYG"
"WR","Shelton Gibson",3000,"NYG@PHI 01:00PM ET",0,"PHI"
"RB","Corey Clement",3000,"NYG@PHI 01:00PM ET",0.000,"PHI"
"WR","Eric Weems",3000,"SEA@TEN 04:05PM ET",0.000,"TEN"
"RB","Jalston Fowler",3000,"SEA@TEN 04:05PM ET",3.150,"TEN"
"RB","David Fluellen",3000,"SEA@TEN 04:05PM ET",0.900,"TEN"
"RB","Tre Madden",3000,"SEA@TEN 04:05PM ET",0.000,"SEA"
"WR","Tanner McEvoy",3000,"SEA@TEN 04:05PM ET",0.000,"SEA"
"RB","J.D. McKissic",3000,"SEA@TEN 04:05PM ET",0,"SEA"
"WR","Amara Darboh",3000,"SEA@TEN 04:05PM ET",1.300,"SEA"
"RB","Aaron Ripkowski",3000,"CIN@GB 04:25PM ET",0.600,"GB"
"WR","Trevor Davis",3000,"CIN@GB 04:25PM ET",0.950,"GB"
"WR","Cody Core",3000,"CIN@GB 04:25PM ET",0.000,"CIN"
"WR","Josh Malone",3000,"CIN@GB 04:25PM ET",0,"CIN"
"WR","Geronimo Allison",3000,"CIN@GB 04:25PM ET",5.400,"GB"
"TE","Antonio Gates",3000,"KC@LAC 04:25PM ET",6.400,"LAC"
"RB","Anthony Sherman",3000,"KC@LAC 04:25PM ET",0.000,"KC"
"RB","Akeem Hunt",3000,"KC@LAC 04:25PM ET",0.000,"KC"
"RB","Derek Watt",3000,"KC@LAC 04:25PM ET",0.000,"LAC"
"WR","De'Anthony Thomas",3000,"KC@LAC 04:25PM ET",0.600,"KC"
"WR","Jehu Chesson",3000,"KC@LAC 04:25PM ET",0.000,"KC"
"WR","Demarcus Robinson",3000,"KC@LAC 04:25PM ET",0.000,"KC"
"RB","Austin Ekeler",3000,"KC@LAC 04:25PM ET",1.900,"LAC"
"TE","Vernon Davis",3000,"OAK@WAS 08:30PM ET",1.150,"WAS"
"WR","Brian Quick",3000,"OAK@WAS 08:30PM ET",1.050,"WAS"
"RB","Mack Brown",3000,"OAK@WAS 08:30PM ET",0,"WAS"
"RB","Jamize Olawale",3000,"OAK@WAS 08:30PM ET",0,"OAK"
"WR","Cordarrelle Patterson",3000,"OAK@WAS 08:30PM ET",7.500,"OAK"
"WR","Johnny Holton",3000,"OAK@WAS 08:30PM ET",0.000,"OAK"
"RB","Keith Smith",3000,"DAL@ARI 08:30PM ET",0.000,"DAL"
"WR","Brice Butler",3000,"DAL@ARI 08:30PM ET",3.400,"DAL"
"WR","Noah Brown",3000,"DAL@ARI 08:30PM ET",0.000,"DAL"
"WR","Ryan Switzer",3000,"DAL@ARI 08:30PM ET",0.000,"DAL"
"RB","Elijhaa Penny",3000,"DAL@ARI 08:30PM ET",0.000,"ARI"
"WR","Chad Williams",3000,"DAL@ARI 08:30PM ET",2.500,"ARI"
"WR","Brittan Golden",3000,"DAL@ARI 08:30PM ET",1.950,"ARI"
"DST","49ers ",2900,"LAR@SF 08:25PM ET",5.500,"SF"
"TE","Stephen Anderson",2900,"HOU@NE 01:00PM ET",3.400,"HOU"
"DST","Chiefs ",2900,"KC@LAC 04:25PM ET",7.000,"KC"
"DST","Cardinals ",2900,"DAL@ARI 08:30PM ET",9.000,"ARI"
"TE","Vance McDonald",2800,"PIT@CHI 01:00PM ET",0.000,"PIT"
"TE","David Njoku",2800,"CLE@IND 01:00PM ET",7.850,"CLE"
"DST","Chargers ",2800,"KC@LAC 04:25PM ET",5.500,"LAC"
"DST","Cowboys ",2800,"DAL@ARI 08:30PM ET",7.000,"DAL"
"TE","Virgil Green",2700,"DEN@BUF 01:00PM ET",7.250,"DEN"
"TE","Ed Dickson",2700,"NO@CAR 01:00PM ET",2.300,"CAR"
"TE","O.J. Howard",2700,"TB@MIN 01:00PM ET",2.700,"TB"
"DST","Titans ",2700,"SEA@TEN 04:05PM ET",5.500,"TEN"
"TE","Richard Rodgers",2700,"CIN@GB 04:25PM ET",2.100,"GB"
"TE","Jermaine Gresham",2700,"DAL@ARI 08:30PM ET",4.500,"ARI"
"DST","Bills ",2600,"DEN@BUF 01:00PM ET",9.500,"BUF"
"DST","Panthers ",2600,"NO@CAR 01:00PM ET",12.500,"CAR"
"TE","Seth DeValve",2600,"CLE@IND 01:00PM ET",8.150,"CLE"
"TE","Evan Baylis",2600,"HOU@NE 01:00PM ET",0.000,"HOU"
"TE","Will Tye",2600,"MIA@NYJ 01:00PM ET",3.900,"NYJ"
"TE","Luke Willson",2600,"SEA@TEN 04:05PM ET",2.750,"SEA"
"TE","Jonnu Smith",2600,"SEA@TEN 04:05PM ET",5.500,"TEN"
"TE","Demetrius Harris",2600,"KC@LAC 04:25PM ET",4.750,"KC"
"TE","Logan Paulsen",2500,"LAR@SF 08:25PM ET",0.000,"SF"
"TE","Kyle Nelson",2500,"LAR@SF 08:25PM ET",0.000,"SF"
"TE","Garrett Celek",2500,"LAR@SF 08:25PM ET",0.800,"SF"
"TE","Tyler Higbee",2500,"LAR@SF 08:25PM ET",1.850,"LAR"
"TE","Derek Carrier",2500,"LAR@SF 08:25PM ET",2.050,"LAR"
"TE","George Kittle",2500,"LAR@SF 08:25PM ET",5.500,"SF"
"TE","Gerald Everett",2500,"LAR@SF 08:25PM ET",8.700,"LAR"
"TE","Marcedes Lewis",2500,"BAL@JAX 09:30AM ET",0.000,"JAX"
"TE","James O'Shaughnessy",2500,"BAL@JAX 09:30AM ET",1.400,"JAX"
"TE","Nick Boyle",2500,"BAL@JAX 09:30AM ET",2.150,"BAL"
"TE","Ben Koyack",2500,"BAL@JAX 09:30AM ET",0.000,"JAX"
"TE","Maxx Williams",2500,"BAL@JAX 09:30AM ET",3.900,"BAL"
"TE","Logan Thomas",2500,"DEN@BUF 01:00PM ET",0.000,"BUF"
"TE","A.J. Derby",2500,"DEN@BUF 01:00PM ET",3.200,"DEN"
"TE","Jeff Heuerman",2500,"DEN@BUF 01:00PM ET",2.750,"DEN"
"TE","Nick O'Leary",2500,"DEN@BUF 01:00PM ET",1.600,"BUF"
"TE","Khari Lee",2500,"DEN@BUF 01:00PM ET",0,"BUF"
"TE","Michael Hoomanawanui",2500,"NO@CAR 01:00PM ET",0.900,"NO"
"TE","Josh Hill",2500,"NO@CAR 01:00PM ET",2.950,"NO"
"TE","Chris Manhertz",2500,"NO@CAR 01:00PM ET",0.000,"CAR"
"TE","Andrew DePaola",2500,"PIT@CHI 01:00PM ET",0.000,"CHI"
"TE","Dion Sims",2500,"PIT@CHI 01:00PM ET",2.550,"CHI"
"TE","Xavier Grimble",2500,"PIT@CHI 01:00PM ET",0.000,"PIT"
"TE","Daniel Brown",2500,"PIT@CHI 01:00PM ET",0.000,"CHI"
"TE","Adam Shaheen",2500,"PIT@CHI 01:00PM ET",0.000,"CHI"
"DST","Falcons ",2500,"ATL@DET 01:00PM ET",9.000,"ATL"
"TE","Darren Fells",2500,"ATL@DET 01:00PM ET",0.650,"DET"
"TE","Levine Toilolo",2500,"ATL@DET 01:00PM ET",0.000,"ATL"
"TE","Eric Saubert",2500,"ATL@DET 01:00PM ET",0.000,"ATL"
"TE","Michael Roberts",2500,"ATL@DET 01:00PM ET",0.000,"DET"
"TE","Brandon Williams",2500,"CLE@IND 01:00PM ET",1.500,"IND"
"TE","Randall Telfer",2500,"CLE@IND 01:00PM ET",1.500,"CLE"
"TE","Darrell Daniels",2500,"CLE@IND 01:00PM ET",0.000,"IND"
"TE","Luke Stocker",2500,"TB@MIN 01:00PM ET",0.000,"TB"
"TE","Kevin McDermott",2500,"TB@MIN 01:00PM ET",0.000,"MIN"
"TE","Blake Bell",2500,"TB@MIN 01:00PM ET",0.000,"MIN"
"TE","David Morgan",2500,"TB@MIN 01:00PM ET",0.000,"MIN"
"TE","Alan Cross",2500,"TB@MIN 01:00PM ET",1.600,"TB"
"TE","Antony Auclair",2500,"TB@MIN 01:00PM ET",0,"TB"
"TE","Dwayne Allen",2500,"HOU@NE 01:00PM ET",0.000,"NE"
"TE","Jacob Hollister",2500,"HOU@NE 01:00PM ET",1.500,"NE"
"TE","Anthony Fasano",2500,"MIA@NYJ 01:00PM ET",0.000,"MIA"
"TE","MarQueis Gray",2500,"MIA@NYJ 01:00PM ET",0.000,"MIA"
"TE","Eric Tomlinson",2500,"MIA@NYJ 01:00PM ET",4.500,"NYJ"
"TE","Neal Sterling",2500,"MIA@NYJ 01:00PM ET",1.800,"NYJ"
"TE","Jordan Leggett",2500,"MIA@NYJ 01:00PM ET",0,"NYJ"
"TE","Brent Celek",2500,"NYG@PHI 01:00PM ET",1.050,"PHI"
"TE","Rhett Ellison",2500,"NYG@PHI 01:00PM ET",3.000,"NYG"
"TE","Trey Burton",2500,"NYG@PHI 01:00PM ET",1.000,"PHI"
"TE","Matt LaCosse",2500,"NYG@PHI 01:00PM ET",0,"NYG"
"TE","Jerell Adams",2500,"NYG@PHI 01:00PM ET",2.400,"NYG"
"TE","Beau Brinkley",2500,"SEA@TEN 04:05PM ET",0.000,"TEN"
"TE","Tyler Ott",2500,"SEA@TEN 04:05PM ET",0.000,"SEA"
"TE","Nick Vannett",2500,"SEA@TEN 04:05PM ET",1.000,"SEA"
"TE","Phillip Supernaw",2500,"SEA@TEN 04:05PM ET",0.000,"TEN"
"DST","Bengals ",2500,"CIN@GB 04:25PM ET",5.500,"CIN"
"TE","Clark Harris",2500,"CIN@GB 04:25PM ET",0.000,"CIN"
"TE","Lance Kendricks",2500,"CIN@GB 04:25PM ET",1.900,"GB"
"TE","Ryan Hewitt",2500,"CIN@GB 04:25PM ET",0.000,"CIN"
"TE","Tyler Kroft",2500,"CIN@GB 04:25PM ET",0.750,"CIN"
"TE","C.J. Uzomah",2500,"CIN@GB 04:25PM ET",0,"CIN"
"TE","Cethan Carter",2500,"CIN@GB 04:25PM ET",0.000,"CIN"
"TE","Sean McGrath",2500,"KC@LAC 04:25PM ET",2.000,"LAC"
"TE","James Winchester",2500,"KC@LAC 04:25PM ET",0.000,"KC"
"TE","Ross Travis",2500,"KC@LAC 04:25PM ET",0.000,"KC"
"TE","Sean Culkin",2500,"KC@LAC 04:25PM ET",0.000,"LAC"
"DST","Raiders ",2500,"OAK@WAS 08:30PM ET",5.500,"OAK"
"TE","Lee Smith",2500,"OAK@WAS 08:30PM ET",0.950,"OAK"
"TE","Niles Paul",2500,"OAK@WAS 08:30PM ET",0.000,"WAS"
"TE","Clive Walford",2500,"OAK@WAS 08:30PM ET",0.850,"OAK"
"TE","Jeremy Sprinkle",2500,"OAK@WAS 08:30PM ET",0,"WAS"
"TE","Geoff Swaim",2500,"DAL@ARI 08:30PM ET",0.000,"DAL"
"TE","James Hanna",2500,"DAL@ARI 08:30PM ET",0.000,"DAL"
"TE","Jim Dray",2500,"DAL@ARI 08:30PM ET",0.000,"ARI"
"TE","Ifeanyi Momah",2500,"DAL@ARI 08:30PM ET",2.800,"ARI"
"TE","Troy Niklas",2500,"DAL@ARI 08:30PM ET",1.300,"ARI"
"DST","Lions ",2400,"ATL@DET 01:00PM ET",16.500,"DET"
"DST","Redskins ",2400,"OAK@WAS 08:30PM ET",9.500,"WAS"
"DST","Texans ",2300,"HOU@NE 01:00PM ET",4.500,"HOU"
"DST","Bears ",2200,"PIT@CHI 01:00PM ET",3.000,"CHI"
"DST","Jets ",2100,"MIA@NYJ 01:00PM ET",0.000,"NYJ"
"DST","Saints ",2000,"NO@CAR 01:00PM ET",-1.000,"NO"
